<?xml version="1.0" ?> 
<?xml-stylesheet type="text/xsl" href="CUnit-Run.xsl" ?> 
<!DOCTYPE CUNIT_TEST_RUN_REPORT SYSTEM "CUnit-Run.dtd"> 
<CUNIT_TEST_RUN_REPORT> 
  <CUNIT_HEADER/> 
  <CUNIT_RESULT_LISTING> 
    <CUNIT_RUN_SUITE> 
      <CUNIT_RUN_SUITE_SUCCESS> 
        <SUITE_NAME> TestSuite </SUITE_NAME> 
        <CUNIT_RUN_TEST_RECORD> 
          <CUNIT_RUN_TEST_SUCCESS> 
            <TEST_NAME> test_1 </TEST_NAME> 
          </CUNIT_RUN_TEST_SUCCESS> 
        </CUNIT_RUN_TEST_RECORD> 
        <CUNIT_RUN_TEST_RECORD> 
          <CUNIT_RUN_TEST_SUCCESS> 
            <TEST_NAME> test_2 </TEST_NAME> 
          </CUNIT_RUN_TEST_SUCCESS> 
        </CUNIT_RUN_TEST_RECORD> 
        <CUNIT_RUN_TEST_RECORD> 
          <CUNIT_RUN_TEST_SUCCESS> 
            <TEST_NAME> test_3 </TEST_NAME> 
          </CUNIT_RUN_TEST_SUCCESS> 
        </CUNIT_RUN_TEST_RECORD> 
      </CUNIT_RUN_SUITE_SUCCESS> 
    </CUNIT_RUN_SUITE> 
  </CUNIT_RESULT_LISTING>
  <CUNIT_RUN_SUMMARY> 
    <CUNIT_RUN_SUMMARY_RECORD> 
      <TYPE> Suites </TYPE> 
      <TOTAL> 1 </TOTAL> 
      <RUN> 1 </RUN> 
      <SUCCEEDED> - NA - </SUCCEEDED> 
      <FAILED> 0 </FAILED> 
    </CUNIT_RUN_SUMMARY_RECORD> 
    <CUNIT_RUN_SUMMARY_RECORD> 
      <TYPE> Test Cases </TYPE> 
      <TOTAL> 3 </TOTAL> 
      <RUN> 3 </RUN> 
      <SUCCEEDED> 3 </SUCCEEDED> 
      <FAILED> 0 </FAILED> 
    </CUNIT_RUN_SUMMARY_RECORD> 
    <CUNIT_RUN_SUMMARY_RECORD> 
      <TYPE> Assertions </TYPE> 
      <TOTAL> 16 </TOTAL> 
      <RUN> 16 </RUN> 
      <SUCCEEDED> 16 </SUCCEEDED> 
      <FAILED> 0 </FAILED> 
    </CUNIT_RUN_SUMMARY_RECORD> 
  </CUNIT_RUN_SUMMARY> 
  <CUNIT_FOOTER> File Generated By CUnit v2.1-0 at Sat Dec  4 22:20:20 2010
 </CUNIT_FOOTER> 
</CUNIT_TEST_RUN_REPORT>

